<!-- # PETRARCH GigaWord sample file
# These are a very very tiny, as in "fair use" on the "research" clause of the copyright 
# statutes sample of sentences from the LDC Gigaword corpus file AFP0808-02.txt that 
# demonstrate some of the basic coding capabilities of PETRARCH. While these are actual 
# sentences, this sample is intended as a "proof-of-concept" only and are not 
# representative of the overall performance of the system, which is still in development 
# mode and many pattern-matching features are not fully implemented.
# 
# For further information on the GigaWord corpus:  http://catalog.ldc.upenn.edu/LDC2011T07
# Last update: 28 Feb 2014
-->
<Sentences>
<Sentence date = "20080804" id ="AFP0808020625_4" source = "AFP" sentence = "True">
<Text>
The stopover came as the US leader prepared to attend the Beijing Olympics, an 
event which will test his vow to keep politics out of the Games. 
</Text>
<Parse>
( (S 
(NP (DT The) (NN stopover)) 
(VP (VBD came) (SBAR (IN as) (S 
(NP (DT the) (NNP US) (NN leader)) 
(VP (VBD prepared) (S 
(VP (TO to) 
(VP (VB attend) 
(NP (NP (DT the) (NNP Beijing) (NNP Olympics)) (, ,) 
(NP (NP (DT an) (NN event)) (SBAR (WHNP (WDT which)) (S 
(VP (MD will) 
(VP (VB test) 
(NP (PRP$ his) (NN vow) (S 
(VP (TO to) 
(VP (VB keep) 
(NP (NNS politics)) 
(PP (IN out) 
(PP (IN of) 
(NP (DT the) (NNPS Games))))))))))))))))))))) (. .)))
</Parse>
</Sentence>

<Sentence date = "20080806" id ="AFP0808020675_1" source = "AFP" sentence = "True">
<Text>
Brazil and the United States are seeking to deepen a partnership in energy, 
especially by promoting biofuels and other alternatives to oil, US Deputy 
Secretary of Energy Jeffrey Kupfer said here Wednesday. 
</Text>
<Parse>
( (S (S 
(NP (NP (NNP Brazil)) (CC and) 
(NP (DT the) (NNP United) (NNPS States))) 
(VP (AUXP are) 
(VP (VBG seeking) (S 
(VP (TO to) 
(VP (VB deepen) 
(NP (NP (DT a) (NN partnership)) 
(PP (IN in) 
(NP (NN energy)))) (, ,) 
(PP (ADVP (RB especially)) (IN by) (S 
(VP (VBG promoting) 
(NP (NP (NNS biofuels)) (CC and) 
(NP (JJ other) (NNS alternatives))) 
(PP (TO to) 
(NP (NN oil)))))))))))) (, ,) 
(NP (NNP US) (NML (NNP Deputy) (NNP Secretary) 
(PP (IN of) 
(NP (NNP Energy)))) (NNP Jeffrey) (NNP Kupfer)) 
(VP (VBD said) 
(NP (RB here) (NNP Wednesday))) (. .)))
</Parse>
</Sentence>

<Sentence date = "20080806" id ="AFP0808020705_1" source = "AFP" sentence = "True">
<Text>
A court in Guyana has issued arrest warrants for two Brazilian men sought in 
the brutal slaying of two American missionaries in southern Guyana three years 
ago, a senior Guyanese police officer said Wednesday. 
</Text>
<Parse>
( (S (S 
(NP (NP (DT A) (NN court)) 
(PP (IN in) 
(NP (NNP Guyana)))) 
(VP (AUXZ has) 
(VP (VBN issued) 
(NP (NP (NN arrest) (NNS warrants))
(PP (IN for) 
(NP (NP (CD two) (JJ Brazilian) (NNS men)) 
(VP (VBN sought) 
(PP (IN in) 
(NP (NP (DT the) (JJ brutal) (NN slaying)) 
(PP (IN of) 
(NP (CD two) (JJ American) (NNS missionaries))))) 
(PP (IN in) 
(NP (JJ southern) (NNP Guyana))) (ADVP 
(NP (CD three) (NNS years)) (RB ago))))))))) (, ,) 
(NP (DT a) (JJ senior) (NNP Guyanese) (NN police) (NN officer)) 
(VP (VBD said) 
(NP (NNP Wednesday))) (. .)))
</Parse>
</Sentence>

<Sentence date = "20080806" id ="AFP0808020742_2" source = "AFP" sentence = "True">
<Text>
Washington said such a step enjoyed support from Moscow and Beijing-- which 
have resisted taking a harder line on the Islamic republic-- but China 
remained mum and Russia's UN ambassador said he was unaware of such agreement. 
</Text>
<Parse>
( (S (S 
(NP (NNP Washington)) 
(VP (VBD said) (SBAR (S 
(NP (PDT such) (DT a) (NN step)) 
(VP (VBD enjoyed) 
(NP (NP (NN support)) 
(PP (IN from) 
(NP (NNP Moscow) (CC and) (NNP Beijing))))))))) (PRN (: --) (SBAR (WHNP (WDT which)) (S 
(VP (AUXP have) 
(VP (VBN resisted) (S 
(VP (VBG taking) 
(NP (DT a) (JJR harder) (NN line)) 
(PP (IN on) 
(NP (DT the) (JJ Islamic) (NN republic))))))))) (: --)) (CC but) (S (S 
(NP (NNP China)) 
(VP (VBD remained) (ADJP (JJ mum)))) (CC and) (S 
(NP (NP (NNP Russia) (POS 's)) (JJ UN) (NN ambassador)) 
(VP (VBD said) (SBAR (S 
(NP (PRP he)) 
(VP (VBD was) (ADJP (JJ unaware) 
(PP (IN of) 
(NP (JJ such) (NN agreement)))))))))) (. .)))
</Parse>
</Sentence>

<Sentence date = "20080806" id ="AFP0808020776_5" source = "AFP" sentence = "True">
<Text>
The statement by the French presidency comes a day before Sarkozy heads to 
Beijing for the Friday opening of the Olympic Games, seeking to mend ties with 
China frayed by an initial threat to boycott the ceremony. 
</Text>
<Parse>
(ROOT (S (NP (NP (DT The) (NN statement)) (PP (IN by) (NP (DT the) (JJ French) (NN presidency)))) (VP (VBZ comes) (SBAR (NP (DT a) (NN day)) (IN before) (S (NP (NNP Sarkozy)) (VP (VBZ heads) (PP (TO to) (NP (NP (NNP Beijing)) (PP (IN for) (NP (DT the) (NNP Friday) (NN opening))) (PP (IN of) (NP (DT the) (NNP Olympic) (NNPS Games))) (, ,) (VP (VBG seeking) (S (VP (TO to) (VP (VB mend) (NP (NNS ties)) (PP (IN with) (NP (NP (NNP China)) (VP (VBN frayed) (PP (IN by) (NP (DT an) (JJ initial) (NN threat)))))))))) (PP (TO to) (NP (NP (NN boycott)) (NP (DT the) (NN ceremony)))))))))) (. .)))
</Parse>
</Sentence>

<Sentence date = "20080806" id ="AFP0808020824_1" source = "AFP" sentence = "True">
<Text>
A Tunisian court has jailed a man for two years for helping young militants 
join an armed Islamic group in Lebanon, his lawyer said Wednesday. 
</Text>
<Parse>
( (S (S 
(NP (DT A) (NNP Tunisian) (NN court)) 
(VP (AUXZ has) 
(VP (VBN jailed) 
(NP (DT a) (JJ Nigerian) (NN student))
(PP (IN for) 
(NP (CD two) (NNS years))) 
(PP (IN for) (S 
(VP (VBG helping) (S 
(NP (JJ young) (NNS militants)) 
(VP (VB join) 
(NP (NP (DT an) (JJ armed) (JJ Islamic) (NN group)) 
(PP (IN in) 
(NP (NNP Lebanon)))))))))))) (, ,) 
(NP (PRP$ his) (NN lawyer)) 
(VP (VBD said) 
(NP (NNP Wednesday))) (. .)))
</Parse>
</Sentence>

<Sentence date = "20080806" id ="AFP0808020840_1" source = "AFP" sentence = "True">
<Text>
France on Wednesday condemned as`` unacceptable'' allegations by Rwanda that it 
had played an active role in the 1994 genocide, as Kigali said it hoped French 
officials would be indicted for war crimes. 
</Text>
<Parse>
( (S 
(NP (NNP France)) 
(PP (IN on) 
(NP (NNP Wednesday))) 
(VP (VBD condemned) 
(PP (IN as) (`` ``) (ADJP (JJ unacceptable)) ('' '')) 
(NP (NP (NNS allegations)) 
(PP (IN by) 
(NP (NNP Rwanda))) (SBAR (IN that) (S 
(NP (PRP it)) 
(VP (AUXD had) 
(VP (VBN played) 
(NP (NP (DT an) (JJ active) (NN role)) 
(PP (IN in) 
(NP (DT the) (CD 1994) (NN genocide))))))))) (, ,) (SBAR (IN as) (S 
(NP (NNP Kigali)) 
(VP (VBD said) (SBAR (S 
(NP (PRP it)) 
(VP (VBD hoped) (SBAR (S 
(NP (JJ French) (NNS officials)) 
(VP (MD would) 
(VP (AUXB be) 
(VP (VBN indicted) 
(PP (IN for) 
(NP (NN war) (NNS crimes))))))))))))))) (. .)))
</Parse>
</Sentence>

<Sentence date = "20080806" id ="AFP0808020840_2" source = "AFP" sentence = "True">
<Text>
A 500-page report released Tuesday in the Rwandan capital alleged that France 
was aware of preparations for the genocide, and that the French military in 
Rwanda helped to plan and carry out killings. 
</Text>
<Parse>
( (S 
(NP (NP (DT A) (JJ 500-page) (NN report)) 
(VP (VBN released) 
(NP (NNP Tuesday)) 
(PP (IN in) 
(NP (DT the) (NNP Rwandan) (NN capital))))) 
(VP (VBD alleged) (SBAR (SBAR (IN that) (S 
(NP (NNP France)) 
(VP (VBD was) (ADJP (JJ aware) 
(PP (IN of) 
(NP (NP (NNS preparations)) 
(PP (IN for) 
(NP (DT the) (NN genocide))))))))) (, ,) (CC and) (SBAR (IN that) (S 
(NP (NP (DT the) (JJ French) (NN military)) 
(PP (IN in) 
(NP (NNP Rwanda)))) 
(VP (VBD helped) (S 
(VP (TO to) 
(VP 
(VP (VB plan)) (CC and) 
(VP (VB carry) (PRT (RP out)) 
(NP (NNS killings))))))))))) (. .)))
</Parse>
</Sentence>

<Sentence date = "20080806" id ="AFP0808020857_1" source = "AFP" sentence = "True">
<Text>
Israel on Wednesday released the mayor of the northern West Bank city of 
Nablus, a member of the Islamist Hamas movement jailed over a year ago, 
Palestinian security officials said. 
</Text>
<Parse>
( (S (S 
(NP (NNP Israel)) 
(PP (IN on) 
(NP (NNP Wednesday))) 
(VP (VBD released) 
(NP (NP (DT the) (NN mayor)) 
(PP (IN of) 
(NP (NP (DT the) (JJ northern) (NNP West) (NNP Bank) (NN city)) 
(PP (IN of) 
(NP (NP (NNP Nablus)) (, ,) 
(NP (NP (DT a) (NN member)) 
(PP (IN of) 
(NP (NP (DT the) (NNP Islamist) (NNP Hamas) (NN movement)) 
(VP (VBN jailed) 
(PP (IN over) (ADVP 
(NP (DT a) (NN year)) (RB ago)))))))))))))) (, ,) 
(NP (JJ Palestinian) (NN security) (NNS officials)) 
(VP (VBD said)) (. .)))
</Parse>
</Sentence>

<Sentence date = "20080806" id ="AFP0808020857_2" source = "AFP" sentence = "True">
<Text>
The release of Adli Yaish, who had been arrested 15 months ago, came as Israel 
announced it would free over 150 Palestinian prisoners by the end of August as 
a goodwill gesture to Palestinian president Mahmud Abbas. 
</Text>
<Parse>
( (S 
(NP (NP (DT The) (NN release)) 
(PP (IN of) 
(NP (NP (NNP Adli) (NNP Yaish)) (, ,) (SBAR (WHNP (WP who)) (S 
(VP (AUXD had) 
(VP (AUXN been) 
(VP (VBN arrested) (ADVP 
(NP (CD 15) (NNS months)) (RB ago))))))) (, ,)))) 
(VP (VBD came) (SBAR (IN as) (S 
(NP (NNP Israel)) 
(VP (VBD announced) (SBAR (S 
(NP (PRP it)) 
(VP (MD would) 
(VP (VB free) (PRT (RP over)) 
(NP (CD 150) (JJ Palestinian) (NNS prisoners)) 
(PP (IN by) 
(NP (NP (DT the) (NN end)) 
(PP (IN of) 
(NP (NNP August))))) 
(PP (IN as) 
(NP (NP (DT a) (NN goodwill) (NN gesture)) 
(PP (TO to) 
(NP (JJ Palestinian) (NN president) (NNP Mahmud) (NNP Abbas))))))))))))) (. .)))
</Parse>
</Sentence>

<Sentence date = "20080806" id ="AFP0808020905_1" source = "AFP" sentence = "True">
<Text>
The US commander in Iraq, General David Petraeus, held talks with President 
Michel Suleiman during a surprise visit to Beirut on Wednesday, offering
further military support to Lebanon. 
</Text>
<Parse>
( (S 
(NP (NP 
(NP (DT The) (NNP US) (NN commander)) 
(PP (IN in) 
(NP (NNP Iraq)))) (, ,) 
(NP (NNP General) (NNP David) (NNP Petraeus)) (, ,)) 
(VP (VBD held) 
(NP (NP (NNS talks)) 
(PP (IN with) 
(NP (NNP President) (NNP Michel) (NNP Suleiman))))
(PP (IN during) 
(NP (DT a) (NN surprise) (NN visit))) 
(PP (TO to) 
(NP (NNP Beirut))) 
(PP (IN on) 
(NP (NNP Wednesday))) (, ,) (S 
(VP (VBG offering) 
(NP (JJ further) (JJ military) (NN support)) 
(PP (TO to) 
(NP (NNP Lebanon)))))) (. .)))
</Parse>
</Sentence>

<Sentence date = "20080806" id ="AFP0808020937_1" source = "AFP" sentence = "True">
<Text>
US and British activists staged a dramatic protest in Beijing on Wednesday, 
scaling a pole and unfurling giant`` Free Tibet'' banners close to the stadium 
where the Olympics will open in two days. 
</Text>
<Parse>
( (S 
(NP (NP (PRP US)) (CC and) 
(NP (JJ British) (NNS activists))) 
(VP (VBD staged) 
(NP (DT a) (JJ dramatic) (NN protest)) 
(PP (IN in) 
(NP (NNP Beijing))) 
(PP (IN on) 
(NP (NNP Wednesday))) (, ,) (S 
(VP 
(VP (VBG scaling) 
(NP (DT a) (NN pole))) (CC and) 
(VP (VBG unfurling) 
(NP (JJ giant) (`` ``) (NNP Free) (NNP Tibet) ('' '') (NNS banners)) (ADVP (RB close) 
(PP (TO to) 
(NP (DT the) (NN stadium)))) (SBAR (WHADVP (WRB where)) (S 
(NP (DT the) (NNPS Olympics)) 
(VP (MD will) 
(VP (VB open) 
(PP (IN in) 
(NP (CD two) (NNS days))))))))))) (. .)))
</Parse>
</Sentence>


<Sentence date = "20080806" id ="AFP0808020955_1" source = "AFP" sentence = "True">
<Text>
Rwanda's information minister said Wednesday she hoped a raft of French 
political and military officials accused of playing a role in the country's 
1994 genocide would soon be indicted for war crimes. 
</Text>
<Parse>
( (S 
(NP (NP (NNP Rwanda) (POS 's)) (NN information) (NN minister)) 
(VP (VBD said) 
(NP (NNP Wednesday)) (SBAR (S 
(NP (PRP she)) 
(VP (VBD hoped) (SBAR (S 
(NP (NP (DT a) (NN raft)) 
(PP (IN of) 
(NP (NP (JJ French) (ADJP (JJ political) (CC and) (JJ military)) (NNS officials)) 
(VP (VBN accused) 
(PP (IN of) (S 
(VP (VBG playing) 
(NP (NP (DT a) (NN role)) 
(PP (IN in) 
(NP (NP (DT the) (NN country) (POS 's)) (CD 1994) (NN genocide))))))))))) 
(VP (MD would) (ADVP (RB soon)) 
(VP (AUXB be) 
(VP (VBN indicted) 
(PP (IN for) 
(NP (NN war) (NNS crimes)))))))))))) (. .)))
</Parse>
</Sentence>

<Sentence date = "20080806" id ="AFP0808020957_1" source = "AFP" sentence = "True">
<Text>
France on Wednesday accused Rwanda of making`` unacceptable accusations'' by 
alleging Paris played an active role in the 1994 genocide, but said it was 
still determined to mend damaged ties with Kigali. 
</Text>
<Parse>
( (S 
(NP (NNP France)) 
(PP (IN on) 
(NP (NNP Wednesday))) 
(VP 
(VP (VBD accused) 
(NP (NNP Rwanda)) 
(PP (IN of) (S 
(VP (VBG making) 
(NP (`` ``) 
(NP (JJ unacceptable) (NNS accusations)) ('' '') 
(PP (IN by) (S 
(VP (VBG alleging) (SBAR (S 
(NP (NNP Paris)) 
(VP (VBD played) 
(NP (NP (DT an) (JJ active) (NN role)) 
(PP (IN in) 
(NP (DT the) (CD 1994) (NN genocide))))))))))))))) (, ,) (CC but) 
(VP (VBD said) (SBAR (S 
(NP (PRP it)) 
(VP (VBD was) (ADVP (RB still)) (ADJP (JJ determined) (S 
(VP (TO to) 
(VP (VB mend) 
(NP (JJ damaged) (NNS ties)) 
(PP (IN with) 
(NP (NNP Kigali)))))))))))) (. .)))
</Parse>
</Sentence>

<Sentence date = "20080806" id ="AFP0808020957_2" source = "AFP" sentence = "True">
<Text>
A 500-page report released Tuesday in the Rwandan capital alleged that France 
was aware of preparations for the genocide, and that the French military in 
Rwanda contributed to planning the massacres and actively took part in the 
killing. 
</Text>
<Parse>
( (S 
(NP (NP (DT A) (JJ 500-page) (NN report)) 
(VP (VBN released) 
(NP (NNP Tuesday)) 
(PP (IN in) 
(NP (DT the) (NNP Rwandan) (NN capital))))) 
(VP 
(VP (VBD alleged) (SBAR (SBAR (IN that) (S 
(NP (NNP France)) 
(VP (VBD was) (ADJP (JJ aware) 
(PP (IN of) 
(NP (NP (NNS preparations)) 
(PP (IN for) 
(NP (DT the) (NN genocide))))))))) (, ,) (CC and) (SBAR (IN that) (S 
(NP (NP (DT the) (JJ French) (NN military)) 
(PP (IN in) 
(NP (NNP Rwanda)))) 
(VP (VBD contributed) 
(PP (TO to) (S 
(VP (VBG planning) 
(NP (DT the) (NNS massacres)))))))))) (CC and) 
(VP (ADVP (RB actively)) (VBD took) 
(NP (NP (NN part)) 
(PP (IN in) 
(NP (DT the) (NN killing)))))) (. .)))
</Parse>
</Sentence>

<Sentence date = "20080806" id ="AFP0808021021_3" source = "AFP" sentence = "True">
<Text>
Before leaving for Beijing on Thursday, Bush was scheduled to give a speech 
here on US relations with Asia and meet with exiled dissidents from 
military-ruled Myanmar. 
</Text>
<Parse>
( (S 
(PP (IN Before) (S 
(VP (VBG leaving) 
(PP (IN for) 
(NP (NNP Beijing))) 
(PP (IN on) 
(NP (NNP Thursday)))))) (, ,) 
(NP (NNP President) (NNP Bush) )
(VP (AUXD was) 
(VP (VBN scheduled) (S 
(VP (TO to) 
(VP 
(VP (VB give) 
(NP (DT a) (NN speech)) (ADVP (RB here)) 
(PP (IN on) 
(NP (NP (NNP US) (NNS relations)) 
(PP (IN with) 
(NP (NNP Asia)))))) (CC and) 
(VP (VB meet) 
(PP (IN with) 
(NP (VBN exiled) (NNS dissidents))) 
(PP (IN from) 
(NP (JJ military-ruled) (NNP Myanmar))))))))) (. .)))
</Parse>
</Sentence>



<Sentence date = "20150609" id ="GOLD_0" source = "AFP" sentence = "True">
<Text>
The United States launched an air strike against an Islamic State target southwest of Baghdad, the U.S. Central Command said on Monday night, expanding its campaign against the militant group that has seized parts of Iraq and Syria.
</Text>
<Parse>
(ROOT (S (S (NP (DT The) (NNP United) (NNPS States)) (VP (VBD launched) (NP (DT an) (NN air) (NN strike)) (PP (IN against) (NP (NP (DT an) (JJ Islamic) (NN State) (NN target) (NN southwest)) (PP (IN of) (NP (NNP Baghdad))))))) (, ,) (NP (DT the) (NNP U.S.) (NNP Central) (NN Command)) (VP (VBD said) (PP (IN on) (NP (NNP Monday))) (NP-TMP (NN night)) (, ,) (S (VP (VBG expanding) (NP (PRP$ its) (NN campaign)) (PP (IN against) (NP (NP (DT the) (JJ militant) (NN group)) (SBAR (WHNP (WDT that)) (S (VP (VBZ has) (VP (VBN seized) (NP (NP (NNS parts)) (PP (IN of) (NP (NNP Iraq) (CC and) (NNP Syria))))))))))))) (. .)))</Parse>
</Sentence>

<Sentence date = "20150609" id ="GOLD_4" source = "AFP" sentence = "True">
<Text>
Ukraine ratified a sweeping agreement with the European Union on Tuesday.
</Text>
<Parse>
(ROOT (S (NP (NNP Ukraine)) (VP (VBD ratified) (NP (DT a) (JJ sweeping) (NN agreement)) (PP (IN with) (NP (DT the) (NNP European) (NNP Union))) (PP (IN on) (NP (NNP Tuesday)))) (. .)))
</Parse>
</Sentence>

<Sentence date = "20150609" id ="GOLD_1" source = "AFP" sentence = "True">
<Text>
Israel said a mortar bomb was fired at it from the Gaza Strip on Tuesday in the first such attack since a seven-week war in the enclave ended on Aug 26.
</Text>
<Parse>
(ROOT (S (NP (NNP Israel)) (VP (VBD said) (SBAR (S (NP (DT a) (JJ mortar) (NN bomb)) (VP (VBD was) (VP (VBN fired) (PP (IN at) (NP (PRP it))) (PP (IN from) (NP (NP (DT the) (NNP Gaza) (NNP Strip)) (PP (IN on) (NP (NP (NNP Tuesday)) (PP (IN in) (NP (NP (DT the) (JJ first) (JJ such) (NN attack)) (PP (IN since) (NP (NP (DT a) (JJ seven-week) (NN war)) (PP (IN in) (NP (NP (DT the) (NN enclave)) (VP (VBN ended) (PP (IN on) (NP (NN Aug) (CD 26))))))))))))))))))) (. .)))
</Parse>
</Sentence>

<Sentence date = "20150609" id ="GOLD_2" source = "AFP" sentence = "True">
<Text>
Iraq's national security advisor met with Syrian President Bashar Assad Tuesday to discuss efforts to counter Islamic State militants, Reuters reports.
</Text>
<Parse>
(ROOT (S (NP (NP (NNP Iraq) (POS 's)) (JJ national) (NN security) (NN advisor)) (VP (VBD met) (PP (IN with) (NP (JJ Syrian) (NNP President) (NNP Bashar) (NNP Assad) (NNP Tuesday))) (S (VP (TO to) (VP (VB discuss) (S (NP (NNS efforts)) (VP (TO to) (VP (VB counter) (NP (NP (JJ Islamic) (NN State) (NNS militants)) (, ,) (NP (NNP Reuters) (NNS reports)))))))))) (. .)))
</Parse>
</Sentence>

<Sentence date = "20150609" id ="GOLD_3" source = "AFP" sentence = "True">
<Text>
Ukrainian lawmakers Tuesday endorsed an association agreement with the European Union, making a decisive turn in favor of closer relations with Western neighbors in spite of the 10-month-old conflict that possibility has ignited with Russia.
</Text>
<Parse>
(ROOT (S (NP (JJ Ukrainian) (NNS lawmakers)) (NP-TMP (NNP Tuesday)) (VP (VBD endorsed) (NP (DT an) (NN association) (NN agreement)) (PP (IN with) (NP (DT the) (NNP European) (NNP Union))) (, ,) (S (VP (VBG making) (NP (NP (DT a) (JJ decisive) (NN turn)) (PP (IN in) (NP (NP (NN favor)) (PP (IN of) (NP (NP (JJR closer) (NNS relations)) (PP (IN with) (NP (JJ Western) (NNS neighbors)))))))) (PP (IN in) (NP (NP (NN spite)) (PP (IN of) (NP (NP (DT the) (JJ 10-month-old) (NN conflict)) (SBAR (WHNP (WDT that)) (S (NP (NN possibility)) (VP (VBZ has) (VP (VBN ignited) (PP (IN with) (NP (NNP Russia)))))))))))))) (. .)))
</Parse>
</Sentence>

<Sentence date = "20150609" id ="GOLD_5" source = "AFP" sentence = "True">
<Text>
OBAMA AIRDROPS
</Text>
<Parse>
(ROOT (NP (NP (NNP WASHINGTON)) (: --) (S (S (NP (NNP President) (NNP Obama)) (VP (VBZ is) (VP (VBG considering) (NP (NP (NNS airstrikes) (CC or) (NNS airdrops)) (PP (IN of) (NP (NN food) (CC and) (NN medicine)))) (S (VP (TO to) (VP (VB address) (NP (DT a) (JJ humanitarian) (NN crisis)) (PP (IN among) (NP (NP (QP (RB as) (JJ many) (IN as) (CD 40,000)) (NNS members)) (PP (IN of) (NP (NP (JJ religious) (NNS minorities)) (PP (IN in) (NP (NNP Iraq))))) (, ,) (SBAR (WHNP (WP who)) (S (VP (VBP have) (VP (VBN been) (VP (VBG dying) (PP (IN of) (NP (NN heat) (CC and) (NN thirst))) (PP (IN on) (NP (NP (DT a) (NN mountaintop)) (SBAR (WHADVP (WRB where)) (S (NP (PRP they)) (VP (VBD took) (NP (NN shelter)) (PP (IN after) (NP (NN death) (NNS threats))) (PP (IN from) (NP (NP (DT the) (JJ Islamic) (NN State)) (PP (IN in) (NP (NNP Iraq) (CC and) (NNP Syria))))))))))))))))))))))) (, ,) (NP (NN administration) (NNS officials)) (VP (VBD said) (PP (IN on) (NP (NNP Thursday))))) (. .)))



</Parse>
</Sentence>


<Sentence date = "20150609" id ="GOLD_6" source = "AFP" sentence = "True">
<Text>
Qatar has pledged to expel exiled leaders of Egypt's Muslim Brotherhood as one of the conditions of an agreement forced on the wealthy Gulf state by Saudi Arabia, the United Arab Emirates and other neighbours.

</Text>
<Parse>
(ROOT (S (NP (NNP Qatar)) (VP (VBZ has) (VP (VBN pledged) (S (VP (TO to) (VP (VB expel) (VP (VBN exiled) (NP (NP (NNS leaders)) (PP (IN of) (NP (NP (NNP Egypt) (POS 's)) (JJ Muslim) (NNP Brotherhood)))) (PP (IN as) (NP (NP (CD one)) (PP (IN of) (NP (NP (DT the) (NNS conditions)) (PP (IN of) (NP (NP (DT an) (NN agreement)) (VP (VBN forced) (PP (IN on) (NP (DT the) (JJ wealthy) (NNP Gulf) (NN state))) (PP (IN by) (NP (NP (NNP Saudi) (NNP Arabia)) (, ,) (NP (DT the) (NNP United) (NNP Arab) (NNPS Emirates)) (CC and) (NP (JJ other) (NNS neighbours))))))))))))))))) (. .)))
</Parse>
</Sentence>


<Sentence date = "20150609" id ="GOLD_7" source = "AFP" sentence = "True">
<Text>

The Canadian government announced asset freezes and bans on travel to Canada against four senior officers in the Russian military, as well as economic sanctions against five more of Russia's arms makers and one Moscow-based bank.
</Text>
<Parse>
(ROOT (S (NP (DT The) (JJ Canadian) (NN government)) (VP (VBD announced) (SBAR (S (NP (NN asset)) (VP (VBZ freezes) (CC and) (VBZ bans) (PP (IN on) (NP (NP (ADJP (NN travel) (PP (TO to) (NP (NP (NNP Canada)) (PP (IN against) (NP (NP (NP (CD four) (JJ senior) (NNS officers)) (PP (IN in) (NP (DT the) (JJ Russian) (NN military)))) (, ,) (CONJP (RB as) (RB well) (IN as)) (NP (NP (JJ economic) (NNS sanctions)) (PP (IN against) (NP (NP (CD five) (JJR more)) (PP (IN of) (NP (NP (NNP Russia) (POS 's)) (NNS arms))))))))))) (NNS makers)) (CC and) (NP (CD one) (JJ Moscow-based) (NN bank)))))))) (. .)))

</Parse>
</Sentence>


<Sentence date = "20150609" id ="GOLD_8" source = "AFP" sentence = "True">
<Text>
Hundreds of UN troops withdrew from the Syrian to the Israeli-occupied sector of the Golan on Monday, an AFP correspondent said, two weeks after Al-Qaeda-linked rebels kidnapped dozens of peacekeepers.

</Text>
<Parse>

(ROOT (S (NP (NP (NNS Hundreds)) (PP (IN of) (NP (NNP UN) (NNS troops)))) (VP (VBD withdrew) (PP (IN from) (NP (DT the) (JJ Syrian))) (PP (TO to) (NP (NP (DT the) (JJ Israeli-occupied) (NN sector)) (PP (IN of) (NP (NP (DT the) (NNP Golan)) (PP (IN on) (NP (NNP Monday))))))) (PRN (, ,) (S (NP (DT an) (NN AFP) (NN correspondent)) (VP (VBD said))) (, ,)) (PP (NP (CD two) (NNS weeks)) (IN after) (NP (NP (JJ Al-Qaeda-linked) (NNS rebels)) (VP (VBN kidnapped) (NP (NP (NNS dozens)) (PP (IN of) (NP (NNS peacekeepers)))))))) (. .)))
</Parse>
</Sentence>


<Sentence date = "20150609" id ="GOLD_9" source = "AFP" sentence = "True">
<Text>
The Philippines and the European Union (EU) agree that territorial disputes in the South China Sea should be resolved through international arbitration.

</Text>
<Parse>
(ROOT (S (NP (NP (NP (DT The) (NNPS Philippines)) (CC and) (NP (DT the) (NNP European) (NNP Union))) (PRN (-LRB- -LRB-) (NP (NNP EU)) (-RRB- -RRB-))) (VP (VBP agree) (SBAR (IN that) (S (NP (NP (JJ territorial) (NNS disputes)) (PP (IN in) (NP (DT the) (NNP South) (NNP China) (NNP Sea)))) (VP (MD should) (VP (VB be) (VP (VBN resolved) (PP (IN through) (NP (JJ international) (NN arbitration))))))))) (. .)))
</Parse>
</Sentence>



<Sentence date = "20150609" id ="GOLD_9" source = "AFP" sentence = "True">
<Text>
Syrian rebels engaged Filipino peacekeepers in a firefight in Golan Heights on Saturday, defense and military officials said.
</Text>
<Parse>
(ROOT (S (S (NP (JJ Syrian) (NNS rebels)) (VP (VBD engaged) (NP (NNP Filipino) (NNS peacekeepers)) (PP (IN in) (NP (NP (DT a) (NN firefight)) (PP (IN in) (NP (NNP Golan) (NNP Heights))))) (PP (IN on) (NP (NNP Saturday))))) (, ,) (NP (NP (NN defense)) (CC and) (NP (JJ military) (NNS officials))) (VP (VBD said)) (. .)))
</Parse>
</Sentence>


<Sentence date = "20150609" id ="VERB_0" source = "AFP" sentence = "True">
<Text>
Obama is scheduled to attend a summit on the unrest in Iran
</Text>
<Parse>
(ROOT (S (NP (NNP Obama)) (VP (VBZ is) (VP (VBN scheduled) (S (VP (TO to) (VP (VB attend) (NP (DT a) (NN summit)) (PP (IN on) (NP (NP (DT the) (NN unrest)) (PP (IN in) (NP (NNP Iran))))))))))))
</Parse>
</Sentence>

<Sentence date = "20150609" id ="VERB_1" source = "AFP" sentence = "True">
<Text>
Obama is scheduled to attend a summit in Switzerland on the unrest in Iran
</Text>
<Parse>
(ROOT (S (NP (NNP Obama)) (VP (VBZ is) (VP (VBN scheduled) (S (VP (TO to) (VP (VB attend) (NP (NP (DT a) (NN summit)) (PP (IN in) (NP (NNP Switzerland)))) (PP (IN on) (NP (NP (DT the) (NN unrest)) (PP (IN in) (NP (NNP Iran))))))))))))
</Parse>
</Sentence>


<Sentence date = "20150609" id ="TEST_1" source = "AFP" sentence = "True">
<Text>

</Text>
<Parse>
(ROOT (S (NP (DT The) (NNP Malaysia) (NNPS Airlines) (NNP Boeing) (ADJP (CD 777)) (NN flight) (NN MH17)) (VP (VBD was) (VP (VBN blown) (PRT (RP up)) (PP (IN over) (NP (NNP Eastern) (NNP Ukraine))) (PP (IN by) (NP (NP (DT a) (JJ sophisticated) (NN BAK) (JJ surface-to-air) (NN missile)) (VP (VBN believed) (S (VP (TO to) (VP (VB be) (VP (VBN fired) (PP (IN by) (NP (JJ pro-Russia) (NNS rebels)))))))))))) (. .)))
</Parse>
</Sentence>

<Sentence date = "20150609" id ="TEST_2" source = "AFP" sentence = "True">
<Text>

</Text>
<Parse>
(ROOT (S (NP (DT The) (NNP United) (NNPS States)) (VP (VBD fired) (NP (JJ anti-aircraft) (NNS batteries)) (PP (IN at) (NP (NNP Russia))) (NP-TMP (DT this) (NN week))) (. .)))
</Parse>
</Sentence>

<Sentence date = "20150609" id ="TEST_3" source = "AFP" sentence = "True">
<Text>

</Text>
<Parse>
(ROOT (S (NP (NNP Barack) (NNP Obama)) (VP (VBD fired) (NP (JJ anti-aircraft) (NNS batteries)) (PP (IN at) (NP (NNP Russia))) (NP-TMP (DT this) (NN week))) (. .)))
</Parse>
</Sentence>

<Sentence date = "20150609" id ="TEST_4" source = "AFP" sentence = "True">
<Text>

</Text>
<Parse>
(ROOT (S (S (NP (NP (NNP GAZA) (NNP CITY)) (, ,) (NP (NP (NNP Palestinian) (NNPS Territories)) (: :) (NP (NP (CD Four) (NNS children)) (CC and) (NP (DT a) (NN man))))) (VP (VBD were) (VP (VBN killed) (PP (IN in) (NP (NP (JJ Israeli) (NN tank)) (VP (VBG shelling) (PP (IN in) (NP (NP (DT the) (JJ east)) (PP (IN of) (NP (NP (DT the) (NNP Gaza) (NNP Strip)) (PP (IN on) (NP (NNP Friday))))))) (NP-TMP (NN evening)))))))) (, ,) (NP (NNS medics)) (VP (VBD said)) (. .)))
</Parse>
</Sentence>

<Sentence date = "20150609" id ="TEST_5" source = "AFP" sentence = "True">
<Text>

</Text>
<Parse>
(ROOT (S (NP (DT The) (NNP United) (NNPS Nations) (NN chief)) (VP (VBD made) (NP (PRP$ his) (NNS remarks)) (PP (IN in) (NP (NNP Doha))) (PP (IN at) (NP (NP (DT the) (NN start)) (PP (IN of) (NP (NP (DT a) (JJ regional) (NN trip)) (VP (VBN aimed) (PP (IN at) (S (VP (VBG pushing) (PP (IN for) (NP (NP (DT a) (NN ceasefire)) (PP (IN in) (NP (DT the) (NNP Gaza) (NNP Strip)))))))))))))) (. .)))

</Parse>
</Sentence>

<Sentence date = "20150609" id ="TEST_6" source = "AFP" sentence = "True">
<Text>

</Text>
<Parse>
(ROOT (S (NP (NP (DT The) (NNP Al) (JJ Qaeda-linked) (JJ Somali) (JJ militant) (NN group)) (NP (NNP al-Shabab))) (VP (VBZ is) (VP (VBG claiming) (NP (NN responsibility)) (PP (IN for) (NP (NP (DT a) (JJ deadly) (NN attack)) (VP (VBG targeting) (NP (NNS non-Muslims)) (PP (IN at) (NP (NP (DT an) (JJ upscale) (NN mall)) (PP (IN in) (NP (NP (NNP Kenya) (POS 's)) (NN capital)))))))))) (. .)))

</Parse>
</Sentence>

<Sentence date = "20150609" id ="TEST_7" source = "AFP" sentence = "True">
<Text>

</Text>
<Parse>
(ROOT (S (PP (IN At) (NP (DT the) (JJ same) (NN time))) (, ,) (NP (PRP it)) (VP (VBZ seems) (ADJP (JJ clear)) (SBAR (IN that) (S (NP (NP (DT no) (JJ lasting) (NN solution)) (PP (TO to) (NP (NP (DT the) (NN problem)) (PP (IN of) (NP (NNP Gaza)))))) (VP (MD can) (VP (VB be) (VP (VBN conceived) (SBAR (IN unless) (S (NP (DT the) (NNP Hamas) (NN regime)) (VP (VBZ is) (VP (VP (VBN disarmed)) (, ,) (CC or) (ADVP (IN at) (JJS least)) (VP (VBN put) (PP (IN in) (NP (NP (DT a) (NN position)) (SBAR (WHADVP (WRB where)) (S (NP (PRP it)) (VP (VP (MD can) (RB neither) (VP (VB build) (PRT (RP up)) (NP (NP (PRP$ its) (NN inventory)) (PP (IN of) (NP (NNS rockets)))))) (CC nor) (VP (VB replace) (NP (NP (DT those)) (SBAR (S (NP (PRP it)) (VP (VBZ fires) (PP (IN at) (NP (NNP Israel)))))))))))))))))))))))) (. .)))

</Parse>
</Sentence>

<Sentence date = "20150609" id ="TEST_8" source = "AFP" sentence = "True">
<Text>

</Text>
<Parse>
(ROOT (FRAG (NP (NNP LYON)) (: :) (S (NP (NNP Interpol)) (VP (VBZ has) (VP (VBD said) (SBAR (S (NP (PRP it)) (VP (MD will) (VP (VB send) (NP (NP (DT a) (NN team)) (PP (IN in) (NP (DT the) (JJ next) (CD 48) (NNS hours)))) (S (VP (TO to) (VP (VB help) (S (VP (VB identify) (NP (NP (NNS victims)) (VP (VBN killed) (PP (IN by) (NP (DT the) (NNP Malaysia) (NNPS Airlines) (NN flight)))))) (NP (NP (NN MH17) (NN crash)) (PP (IN in) (NP (JJ east) (NNP Ukraine))))))))))))))) (. .)))

</Parse>
</Sentence>

<Sentence date = "20150609" id ="TEST_9" source = "AFP" sentence = "True">
<Text>

</Text>
<Parse>

(ROOT (S (NP (DT The) (NNP United) (NNPS Nations) (NN chief)) (VP (VBD made) (NP (PRP$ his) (NNS remarks)) (PP (IN in) (NP (NNP Doha))) (PP (IN at) (NP (NP (DT the) (NN start)) (PP (IN of) (NP (NP (DT a) (JJ regional) (NN trip)) (VP (VBN aimed) (PP (IN at) (S (VP (VBG pushing) (PP (IN for) (NP (NP (DT a) (NN ceasefire)) (PP (IN in) (NP (DT the) (NNP Gaza) (NNP Strip)))))))))))))) (. .)))
</Parse>
</Sentence>


<Sentence date = "20150609" id ="TEST_10" source = "AFP" sentence = "True">
<Text>
President obama expressed sorrow for the horrific shootings in South Carolina
</Text>
<Parse>
(ROOT (S (NP (NNP President) (NN obama)) (VP (VBD expressed) (NP (NN sorrow)) (PP (IN for) (NP (DT the) (JJ horrific) (NNS shootings))) (PP (IN in) (NP (NNP South) (NNP Carolina))))))
</Parse>
</Sentence>


<Sentence date = "20150609" id ="TEST_11" source = "AFP" sentence = "True">
<Text>
Ukraine says it has strong evidence proving Russia was behind the chemical attacks
</Text>
<Parse>(ROOT (S (NP (NNP Ukraine)) (VP (VBZ says) (SBAR (S (NP (PRP it)) (VP (VBZ has) (NP (NP (JJ strong) (NN evidence)) (VP (VBG proving) (SBAR (S (NP (NNP Russia)) (VP (VBD was) (PP (IN behind) (NP (DT the) (NN chemical) (NNS attacks))))))))))))))
</Parse>
</Sentence>


<Sentence date = "20150609" id ="TEST_12" source = "AFP" sentence = "True">
<Text>
Barack Obama and Vladimir Putin will meet in Zurich to 
discuss their music tastes
</Text>
<Parse>
(ROOT (S (NP (NNP Barack) (NNP Obama) (CC and) (NNP Vladimir) (NNP Putin)) (VP (MD will) (VP (VB meet) (PP (IN in) (NP (NNP Zurich))) (S (VP (TO to) (VP (VB discuss) (NP (PRP$ their) (NN music) (NNS tastes)))))))))
</Parse>
</Sentence>



<Sentence date = "20150609" id ="NEST_0" source = "AFP" sentence = "True">
<Text>
The US claimed that they had attacked Iraq
</Text>
<Parse>
(ROOT (S (NP (DT The) (NNP US)) (VP (VBD said) (SBAR (IN that) (S (NP (PRP they)) (VP (VBD had) (VP (VBN attacked) (NP (NNP Iraq)))))))))


</Parse>
</Sentence>

<Sentence date = "20150609" id ="NEST_2.75" source = "AFP" sentence = "True">
<Text>
The US claimed that ISIL had attacked Iraq and taken the city of Mosul
</Text>
<Parse>
(ROOT (S (NP (DT The) (NNP US)) (VP (VBD claimed) (SBAR (IN that) (S (NP (NNP ISIL)) (VP (VBD had) (VP (VP (VBN attacked) (NP (NNP Iraq))) (CC and) (VP (VBN taken) (NP (NP (DT the) (NN city)) (PP (IN of) (NP (NNP Mosul))))))))))))
</Parse>
</Sentence>



<Sentence date = "20150609" id ="EXIST_0" source = "AFP" sentence = "True">
<Text>
Local news reports that there was a pause in the bombing in Aleppo.
</Text>
<Parse>
(ROOT (X (NP (JJ Local) (NN news) (NNS reports)) (SBAR (IN that) (S (NP (EX there)) (VP (VBD was) (NP (NP (DT a) (NN pause)) (PP (IN in) (NP (NP (DT the) (NN bombing)) (PP (IN in) (NP (NNP Aleppo)))))))))))
</Parse>
</Sentence>


<Sentence date = "20150609" id ="EXIST_1" source = "AFP" sentence = "True">
<Text>
There were 10 Russian soldiers killed in Ukraine today.
</Text>
<Parse>
(ROOT (S (NP (EX There)) (VP (VBD were) (NP (NP (CD 10) (JJ Russian) (NNS soldiers)) (VP (VBN killed) (PP (IN in) (NP (NNP Ukraine))) (NP-TMP (NN today))))) (. .)))
</Parse>
</Sentence>

<Sentence date = "20150101" id ="abc12_3" source = "AFP" sentence = "True">
<Text>
Boko Haram has launched many similar attacks during its six-year campaign for a strict Islamic state in northeastern Nigeria.</Text>
<Parse>
(ROOT (S (NP (NN BOKO) (NN HARAM)) (VP (VBZ has) (VP (VBN launched) (NP (JJ many) (JJ similar) (NNS attacks)) (PP (IN during) (NP (NP (PRP$ its) (JJ six-year) (NN campaign)) (PP (IN for) (NP (NP (DT a) (JJ strict) (JJ Islamic) (NN state)) (PP (IN in) (NP (JJ northeastern) (NNP Nigeria))))))))) (. .)))
</Parse>
</Sentence>



<Sentence date = "20150609" id ="NEST_8" source = "AFP" sentence = "True">
<Text>
The US said that Iraq had attacked themselves
</Text>
<Parse>
(ROOT (S (NP (DT The) (NNP US)) (VP (VBD said) (SBAR (IN that) (S (NP (NNP Iraq)) (VP (VBD had) (VP (VBN attacked) (NP (PRP themselves)))))))))

</Parse>
</Sentence>



<Sentence date = "20150609" id ="PREP_1" source = "AFP" sentence = "True">
<Text>
Opponents of Rwanda's Senate protested yesterday in the city's capital
</Text>
<Parse>
(ROOT (S (NP (NP (NNS Enemies)) (PP (IN of) (NP (NP (NNP Rwanda) (POS 's)) (NNP Government)))) (VP (VBD protested) (NP-TMP (NN yesterday)) (PP (IN in) (NP (NP (DT the) (NN Country) (POS 's)) (NN capital))))))
</Parse>
</Sentence>


<Sentence date = "20150609" id ="PREP_0" source = "AFP" sentence = "True">
<Text>
The civilians imprisoned for acting against Moscow were released yesterday by Putin himself
</Text>
<Parse>
(ROOT
    (S
        (NP
            (NP (DT The)
                (NNS civilians))
            (, ,)
            (VP (VBN imprisoned)
                (PP (IN for)
                    (S
                        (VP (VBG acting)
                            (PP (IN against)
                                (NP (NNP Moscow)))))))
            (, ,))
        (VP (VBD were)
            (VP (VBN released)
                (NP-TMP (NN yesterday))
                (PP (IN by) (NP (NP (NNP Putin))
                                (NP (PRP himself))))))))
</Parse>
</Sentence>



<Sentence date = "20150609" id ="VERB_2" source = "AFP" sentence = "True">
<Text>
The government expressed appreciation for China's assistance.
</Text>
<Parse>
(ROOT (S (NP (DT The) (NN government)) (VP (VBD expressed) (NP (NN appreciation)) (PP (IN for) (NP (NP (NNP China) (POS 's)) (NN assistance))))))
</Parse>
</Sentence>

<Sentence date = "20150609" id ="VERB_3" source = "AFP" sentence = "True">
<Text>
The US State department has advised against travel to Tunisia after the museum shooting last week.
</Text>
<Parse>
(ROOT (S (NP (DT The) (NNP US) (NN State) (NN department)) (VP (VBZ has) (VP (VBN advised) (PP (IN against) (NP (NP (NN travel)) (PP (TO to) (NP (NNP Tunisia))))) (PP (IN after) (NP (DT the) (NN museum) (NN shooting))) (NP-TMP (JJ last) (NNP wednesday))))))
</Parse>
</Sentence>

<Sentence date = "20150609" id ="VERB_4" source = "AFP" sentence = "True">
<Text>
The tanks head back from the border after the skirmish went wrong
</Text>
<Parse>
(ROOT (S (NP (DT The) (NNS tanks)) (VP (VBP head) (ADVP (RB back)) (PP (IN from) (NP (DT the) (NN border))) (SBAR (IN after) (S (NP (DT the) (NN skirmish)) (VP (VBD went) (ADJP (JJ wrong))))))))
</Parse>
</Sentence>

<Sentence date = "20150609" id ="VERB_5" source = "AFP" sentence = "True">
<Text>
The tanks might want Obama to head back after what just happened.
</Text>
<Parse>
(ROOT (S (NP (DT The) (NNS tanks)) (VP (MD might) (VP (VB want) (S (NP (NNP Obama)) (VP (TO to) (VP (VB head) (ADVP (RB back)) (PP (IN after) (SBAR (WHNP (WP what)) (S (ADVP (RB just)) (VP (VBD happened))))))))))))

</Parse>
</Sentence>

<Sentence date = "20150609" id ="PASSIVE_0" source = "AFP" sentence = "True">
<Text>
Evidence against Russia was presented by the US.
</Text>
<Parse>
 (S (NP (NP (NN Evidence)) (PP (IN against) (NP (NNP Russia)))) (VP (VBD was) (VP (VBN presented) (PP (IN by) (NP (DT the) (NNP US))))) (. .))


</Parse>
</Sentence>

<Sentence date = "20150609" id ="PASSIVE_1" source = "AFP" sentence = "True">
<Text>
The US presented evidence against Russia.
</Text>
<Parse>
(S (NP (DT The) (NNP US)) (VP (VBD presented) (NP (NN evidence)) (PP (IN against) (NP (NNP Russia)))) (. .))
</Parse>
</Sentence>

<Sentence date = "20150609" id ="PASSIVE_2" source = "AFP" sentence = "True">
<Text>
A protestor demolished the building.
</Text>
<Parse>
(S (NP (DT A) (NN protestor)) (VP (VBD demolished) (NP (DT the) (NN building))) (. .))
</Parse>
</Sentence>

<Sentence date = "20150609" id ="PASSIVE_3" source = "AFP" sentence = "True">
<Text>
The building was demolished by a protestor.
</Text>
<Parse>
(S (NP (DT The) (JJ Russian) (NN building)) (VP (VBD was) (VP (VBN demolished) (PP (IN by) (NP (DT a) (JJ Ukrainian) (NN protestor))))) (. .))
</Parse>
</Sentence>

<Sentence date = "20150609" id ="VERB_6" source = "AFP" sentence = "True">
<Text>
The inspectors want to re-examine the refineries in Iran</Text>
<Parse>
(ROOT (S (NP (DT The) (NNS inspectors)) (VP (VBP want) (S (VP (TO to) (VP (VB attack) (NP (DT the) (NNS refineries)) (PP (IN in) (NP (NNP Iran)))))))))

</Parse>
</Sentence>
<Sentence date = "20150609" id ="SYRIA_0" source = "AFP" sentence = "True">
<Text>
Insurgents bombarded a government-held part of Syria's second city Aleppo overnight, killing at least eight people, Syrian state media reported
</Text>
<Parse>
(ROOT (S (NP (NNS Insurgents)) (VP (VBD bombarded) (NP (NP (DT a) (JJ government) (NN part)) (PP (IN of) (NP (NP (NP (NNP Syria) (POS 's)) (JJ second) (NN city)) (NP-TMP (NP (NNP Aleppo)) (ADVP (RB overnight)))))) (, ,) (S (VP (VBG killing) (NP (NP (QP (IN at) (JJS least) (CD eight)) (NNS people)) (, ,) (SBAR (S (NP (JJ Syrian) (NN state) (NNS media)) (VP (VBD reported))))))))))


</Parse>
</Sentence>


<Sentence date = "20150609" id ="SYRIA_1" source = "AFP" sentence = "True">
<Text>
The Syrian Observatory for Human Rights, a UK-based group that tracks the war, said eight people were killed in an air strike by government forces in a separate, rebel-held part of the city.
</Text>
<Parse>
(ROOT (S (NP (NP (NP (DT The) (JJ Syrian) (NN Observatory)) (PP (IN for) (NP (JJ Human) (NNS Rights)))) (, ,) (NP (NP (DT a) (JJ UK-based) (NN group)) (SBAR (WHNP (WDT that)) (S (VP (VBZ tracks) (NP (DT the) (NN war)))))) (, ,)) (VP (VBD said) (SBAR (S (NP (CD eight) (NNS people)) (VP (VBD were) (VP (VBN killed) (PP (IN in) (NP (DT an) (NN air) (NN strike))) (PP (IN by) (NP (NP (NN government) (NNS forces)) (PP (IN in) (NP (NP (DT a) (JJ separate) (, ,) (JJ rebel-held) (NN part)) (PP (IN of) (NP (DT the) (NN city)))))))))))) (. .)))


</Parse>
</Sentence>



<Sentence date = "20150609" id ="NEG_0" source = "AFP" sentence = "True">
<Text>
Obama said he would not help Israel
</Text>
<Parse>
(ROOT (S (NP (NNP Obama)) (VP (VBD said) (SBAR (S (NP (PRP he)) (VP (MD would) (RB not) (VP (VB help) (NP (NNP Israel)))))))))

</Parse>
</Sentence>


<Sentence date = "20150609" id ="NEG_1" source = "AFP" sentence = "True">
<Text>
Obama said he would not ask Russia to help Israel
</Text>
<Parse>
(ROOT (S (NP (NNP Obama)) (VP (VBD said) (SBAR (S (NP (PRP he)) (VP (MD would) (RB not) (VP (VB ask) (S (NP (NNP Russia)) (VP (TO to) (VP (VB help) (NP (NNP Israel))))))))))))

</Parse>
</Sentence>



<Sentence date = "20150609" id ="Pattern_1" source = "AFP" sentence = "True">
<Text>
Obama said he will attack Iraq
</Text>
<Parse>(ROOT (S (NP (NNP Obama) (CC and) (NNP Putin)) (VP (VBD said) (SBAR (S (NP (PRP they)) (VP (MD will) (VP (VB attack) (NP (NNP Iraq)))))))))


</Parse>
</Sentence>



<Sentence date = "20150609" id ="PASSIVE_4" source = "AFP" sentence = "True">
<Text>
Obama faces pressure from Congress to help Iran.
</Text>
<Parse>(ROOT (S (NP (NNP Obama)) (VP (VBZ faces) (NP (NN pressure)) (PP (IN from) (NP (NNP Congress))) (S (VP (TO to) (VP (VB help) (NP (NNP Iran)))))) (. .)))
</Parse>
</Sentence>


<Sentence date = "20150609" id ="PASSIVE_5" source = "AFP" sentence = "True">
<Text>
Congress is pressuring Obama to help Iran.
</Text>
<Parse>

(ROOT (S (NP (NNP Congress)) (VP (VBZ is) (VP (VBG asking) (S (NP (NNP Obama)) (VP (TO to) (VP (VB help) (NP (NNP Iran))))))) (. .)))

</Parse>
</Sentence>

<Sentence date = "20150609" id ="PASSIVE_6" source = "AFP" sentence = "True">
<Text>
Obama is being pressured by congress to help Iran.
</Text>
<Parse>
(ROOT (S (NP (NNP Obama)) (VP (VBZ is) (VP (VBG being) (VP (VBN pressured) (PP (IN by) (NP (NN congress))) (S (VP (TO to) (VP (VB help) (NP (NNP Iran)))))))) (. .)))


</Parse>
</Sentence>





<Sentence date = "20150609" id ="APPEALS_0" source = "AFP" sentence = "True">
<Text>
Obama wants Putin to attack Switzerland.
</Text>
<Parse>(ROOT (S (NP (NNP Obama)) (VP (VBZ wants) (S (NP (NNP Putin)) (VP (TO to) (VP (VB attack) (NP (NNP Switzerland)))))) (. .)))

</Parse>
</Sentence>
<Sentence date = "20150609" id ="APPEALS_1" source = "AFP" sentence = "True">
<Text>
Obama wants to attack Switzerland.
</Text>
<Parse>(ROOT (S (NP (NNP Obama)) (VP (VBZ wants) (S (VP (TO to) (VP (VB attack) (NP (NNP Switzerland)))))) (. .)))


</Parse>
</Sentence>


<Sentence date = "20150609" id ="SYNSET_0" source = "AFP" sentence = "True">
<Text>
Obama ordered an investigation against Iran
</Text>
<Parse>(ROOT (S (NP (NNP Obama)) (VP (VBD ordered) (NP (DT an) (NN investigation)) (PP (IN against) (NP (NNP Iran))))))

</Parse>
</Sentence>


<Sentence date = "20150609" id ="AGREE_0" source = "AFP" sentence = "True">
<Text>
Obama has agreed to lift the sanctions on Iran
</Text>
<Parse>(ROOT (S (NP (NNP Obama)) (VP (VBZ has) (VP (VBN agreed) (S (VP (TO to) (VP (VB lift) (NP (DT the) (NNS sanctions)) (PP (IN on) (NP (NNP Iran))))))))))


</Parse>
</Sentence>




<Sentence date = "20150609" id ="VERB_8" source = "AFP" sentence = "True">
<Text>
The United States will supply arms to Israel
</Text>
<Parse>(ROOT (S (NP (DT The) (NNP United) (NNPS States)) (VP (MD will) (VP (VB supply) (NP (NNS arms)) (PP (TO to) (NP (NNP Israel)))))))

</Parse>
</Sentence>


<Sentence date = "20150609" id ="VALID_0" source = "AFP" sentence = "True">
<Text>
The USA gave the two exiled dissidents from Egypt assylum
</Text>
<Parse>
(ROOT (S (NP (DT The) (NNP USA)) (VP (VBD helped) (NP (CD two)) (S (NP (NP (VBD exiled) (NNS dissidents)) (PP (IN from) (NP (NNP Egypt))))))))
</Parse>
</Sentence>


<Sentence date = "20150609" id ="OVERLAP_0" source = "AFP" sentence = "True">
<Text>
Russia is conducting military exercises in Alaska
</Text>
<Parse>
(ROOT (S (NP (NNP Russia)) (VP (VBZ is) (VP (VBG conducting) (NP (JJ military) (NNS exercises)) (PP (IN in) (NP (NNP Alaska)))))))

</Parse>
</Sentence>

<Sentence date = "20150609" id ="PMATCH_0" source = "AFP" sentence = "True">
<Text>
The US Secretary of state wants to help iSrael
</Text>
<Parse>
(ROOT (S (NP (NP (DT The) (NNP US) (NN secretary)) (PP (IN of) (NP (NN state)))) (VP (VBZ wants) (S (VP (TO to) (VP (VB help) (NP (NN israel))))))))

</Parse>
</Sentence>


<Sentence date = "20150609" id ="PASSIVE_10" source = "AFP" sentence = "True">
<Text>
Government forces clash with tunisian rioters in the downtown square
</Text>
<Parse>
(S (NP (JJ SYRIAN) (NNP FORCES)) (VP (VB CLASH) (PP (IN WITH) (NP (NNP RIOTERS))) (PP (IN IN) (NP (DT THE) (JJ EGYPTIAN) (NNP SQUARE)))))
</Parse>
</Sentence>


<Sentence date = "20150609" id ="COOP_0" source = "AFP" sentence = "True">
<Text>
THe US, Russia, and Switzerland met yesterday
</Text>
<Parse>
(ROOT (S (NP (NP (DT The) (NNP US)) (, ,) (NP (NNP Russia)) (, ,) (CC and) (NP (NNP Switzerland))) (VP (VBD met) (NP-TMP (NN yesterday)))))
</Parse>
</Sentence>



</Sentences>
